CREATE DATABASE  IF NOT EXISTS `Spotify` /*!40100 DEFAULT CHARACTER SET latin1 */;
USE `Spotify`;
-- MySQL dump 10.13  Distrib 8.0.16, for Win64 (x86_64)
--
-- Host: 128.199.45.70    Database: Spotify
-- ------------------------------------------------------
-- Server version	5.5.5-10.4.13-MariaDB-1:10.4.13+maria~bionic

/*!40101 SET @OLD_CHARACTER_SET_CLIENT=@@CHARACTER_SET_CLIENT */;
/*!40101 SET @OLD_CHARACTER_SET_RESULTS=@@CHARACTER_SET_RESULTS */;
/*!40101 SET @OLD_COLLATION_CONNECTION=@@COLLATION_CONNECTION */;
 SET NAMES utf8 ;
/*!40103 SET @OLD_TIME_ZONE=@@TIME_ZONE */;
/*!40103 SET TIME_ZONE='+00:00' */;
/*!40014 SET @OLD_UNIQUE_CHECKS=@@UNIQUE_CHECKS, UNIQUE_CHECKS=0 */;
/*!40014 SET @OLD_FOREIGN_KEY_CHECKS=@@FOREIGN_KEY_CHECKS, FOREIGN_KEY_CHECKS=0 */;
/*!40101 SET @OLD_SQL_MODE=@@SQL_MODE, SQL_MODE='NO_AUTO_VALUE_ON_ZERO' */;
/*!40111 SET @OLD_SQL_NOTES=@@SQL_NOTES, SQL_NOTES=0 */;

--
-- Table structure for table `Artistas`
--

DROP TABLE IF EXISTS `Artistas`;
/*!40101 SET @saved_cs_client     = @@character_set_client */;
 SET character_set_client = utf8mb4 ;
CREATE TABLE `Artistas` (
  `Id_Artista` int(11) NOT NULL AUTO_INCREMENT,
  `Nombre_Artista` varchar(50) DEFAULT NULL,
  `Apellido_Artista` varchar(50) DEFAULT NULL,
  `Nombre_Artistico` varchar(100) DEFAULT NULL,
  `Fecha_Nacimiento` date DEFAULT NULL,
  `Nacionalidad` varchar(50) DEFAULT NULL,
  `Genero` varchar(50) DEFAULT NULL,
  `NumeroSeguidores` int(11) NOT NULL,
  `Foto` blob NOT NULL,
  PRIMARY KEY (`Id_Artista`)
) ENGINE=InnoDB AUTO_INCREMENT=101 DEFAULT CHARSET=latin1;
/*!40101 SET character_set_client = @saved_cs_client */;

--
-- Dumping data for table `Artistas`
--

LOCK TABLES `Artistas` WRITE;
/*!40000 ALTER TABLE `Artistas` DISABLE KEYS */;
INSERT INTO `Artistas` VALUES (1,'Oswell','Gallyon','Suki Gallyon','2020-03-12','Suki',NULL,42,_binary 'http://dummyimage.com/181x242.png/ff4444/ffffff'),(2,'Roscoe','Janota','Edin Janota','2020-03-20','Edin',NULL,46,_binary 'http://dummyimage.com/179x184.jpg/5fa2dd/ffffff'),(3,'Osmond','Moubray','Martynne Moubray','2020-02-24','Martynne',NULL,69,_binary 'http://dummyimage.com/192x104.jpg/ff4444/ffffff'),(4,'Tracie','Gladwell','Minny Gladwell','2020-05-05','Minny',NULL,9,_binary 'http://dummyimage.com/212x179.png/dddddd/000000'),(5,'Cyrille','Nevill','Melina Nevill','2020-01-06','Melina',NULL,39,_binary 'http://dummyimage.com/114x118.jpg/ff4444/ffffff'),(6,'Cornelia','Wingfield','Glenna Wingfield','2019-09-02','Glenna',NULL,57,_binary 'http://dummyimage.com/242x219.jpg/dddddd/000000'),(7,'Cornell','Hearty','Lissie Hearty','2019-10-28','Lissie',NULL,84,_binary 'http://dummyimage.com/131x153.jpg/ff4444/ffffff'),(8,'Mackenzie','Adlam','Lena Adlam','2019-12-09','Lena',NULL,1,_binary 'http://dummyimage.com/157x238.jpg/5fa2dd/ffffff'),(9,'Ernaline','Gretton','Mollee Gretton','2020-05-16','Mollee',NULL,57,_binary 'http://dummyimage.com/119x191.jpg/5fa2dd/ffffff'),(10,'Friedrich','McLeary','Violet McLeary','2019-11-13','Violet',NULL,75,_binary 'http://dummyimage.com/115x121.png/dddddd/000000'),(11,'Mahala','Humpage','Neila Humpage','2019-08-24','Neila',NULL,41,_binary 'http://dummyimage.com/235x133.jpg/ff4444/ffffff'),(12,'Gerry','Nequest','Margareta Nequest','2020-01-23','Margareta',NULL,59,_binary 'http://dummyimage.com/188x246.bmp/dddddd/000000'),(13,'Freddie','Joberne','Angie Joberne','2019-12-24','Angie',NULL,43,_binary 'http://dummyimage.com/232x225.jpg/dddddd/000000'),(14,'Barr','Larrat','Blinni Larrat','2019-10-24','Blinni',NULL,68,_binary 'http://dummyimage.com/171x108.png/5fa2dd/ffffff'),(15,'Marijn','Tapton','Jordan Tapton','2019-07-30','Jordan',NULL,6,_binary 'http://dummyimage.com/209x216.bmp/cc0000/ffffff'),(16,'Jackquelin','Eyckel','Claudie Eyckel','2020-03-07','Claudie',NULL,58,_binary 'http://dummyimage.com/120x190.png/ff4444/ffffff'),(17,'Verge','Dedon','Alexi Dedon','2019-11-23','Alexi',NULL,64,_binary 'http://dummyimage.com/132x225.png/cc0000/ffffff'),(18,'Tabby','L\'Episcopio','Kimberlee L\'Episcopio','2019-07-19','Kimberlee',NULL,86,_binary 'http://dummyimage.com/168x185.jpg/dddddd/000000'),(19,'Raviv','Elvins','Griselda Elvins','2020-03-11','Griselda',NULL,16,_binary 'http://dummyimage.com/199x109.png/ff4444/ffffff'),(20,'Sadye','Nissle','Tressa Nissle','2019-11-17','Tressa',NULL,92,_binary 'http://dummyimage.com/188x217.bmp/5fa2dd/ffffff'),(21,'Madelin','Walasik','Camella Walasik','2020-02-04','Camella',NULL,58,_binary 'http://dummyimage.com/192x169.png/ff4444/ffffff'),(22,'Lauraine','Dingate','Honor Dingate','2019-11-09','Honor',NULL,5,_binary 'http://dummyimage.com/177x230.png/5fa2dd/ffffff'),(23,'Kimmie','Earngy','Julieta Earngy','2019-06-23','Julieta',NULL,43,_binary 'http://dummyimage.com/123x191.jpg/ff4444/ffffff'),(24,'Eziechiele','Upston','Carley Upston','2019-11-10','Carley',NULL,59,_binary 'http://dummyimage.com/173x230.bmp/5fa2dd/ffffff'),(25,'Hinda','Pascho','Johannah Pascho','2019-07-14','Johannah',NULL,26,_binary 'http://dummyimage.com/220x195.jpg/dddddd/000000'),(26,'Frans','Wardley','Neile Wardley','2020-05-22','Neile',NULL,23,_binary 'http://dummyimage.com/248x223.png/5fa2dd/ffffff'),(27,'Concettina','Vokins','Jeane Vokins','2019-06-09','Jeane',NULL,24,_binary 'http://dummyimage.com/190x237.bmp/cc0000/ffffff'),(28,'Keenan','Sheryne','Lorinda Sheryne','2020-02-28','Lorinda',NULL,25,_binary 'http://dummyimage.com/120x209.png/cc0000/ffffff'),(29,'Jacobo','Konrad','Lynda Konrad','2019-12-29','Lynda',NULL,43,_binary 'http://dummyimage.com/144x107.png/cc0000/ffffff'),(30,'Romona','Cowle','Ariela Cowle','2019-12-17','Ariela',NULL,33,_binary 'http://dummyimage.com/233x172.jpg/cc0000/ffffff'),(31,'Karola','Burdon','Dolli Burdon','2019-09-12','Dolli',NULL,46,_binary 'http://dummyimage.com/199x192.jpg/dddddd/000000'),(32,'Cinda','Brownstein','Karleen Brownstein','2020-04-29','Karleen',NULL,16,_binary 'http://dummyimage.com/184x189.jpg/cc0000/ffffff'),(33,'Rogers','Blaine','Josephina Blaine','2019-07-23','Josephina',NULL,13,_binary 'http://dummyimage.com/211x142.jpg/ff4444/ffffff'),(34,'Karlyn','Eke','Lilla Eke','2019-11-28','Lilla',NULL,21,_binary 'http://dummyimage.com/231x123.bmp/5fa2dd/ffffff'),(35,'Maye','Ruskin','Sadye Ruskin','2019-08-31','Sadye',NULL,89,_binary 'http://dummyimage.com/166x144.png/ff4444/ffffff'),(36,'Calida','Spaldin','Corenda Spaldin','2019-10-20','Corenda',NULL,31,_binary 'http://dummyimage.com/106x176.png/dddddd/000000'),(37,'Nancie','Ryce','Karry Ryce','2019-12-14','Karry',NULL,55,_binary 'http://dummyimage.com/115x154.bmp/cc0000/ffffff'),(38,'Tatiania','Mankor','Cherlyn Mankor','2019-10-22','Cherlyn',NULL,11,_binary 'http://dummyimage.com/211x125.bmp/dddddd/000000'),(39,'Willamina','Shevlin','Hedda Shevlin','2019-10-24','Hedda',NULL,72,_binary 'http://dummyimage.com/157x161.jpg/ff4444/ffffff'),(40,'Marcy','McMychem','Merrie McMychem','2019-12-08','Merrie',NULL,93,_binary 'http://dummyimage.com/209x116.bmp/cc0000/ffffff'),(41,'Tully','Blois','Tomasine Blois','2019-12-29','Tomasine',NULL,18,_binary 'http://dummyimage.com/136x127.png/ff4444/ffffff'),(42,'Ashien','Scowen','Chandal Scowen','2020-04-10','Chandal',NULL,75,_binary 'http://dummyimage.com/106x211.png/cc0000/ffffff'),(43,'Lee','Kelsall','Angelina Kelsall','2020-03-25','Angelina',NULL,75,_binary 'http://dummyimage.com/226x213.bmp/ff4444/ffffff'),(44,'Odelle','Epsly','Danyelle Epsly','2020-04-10','Danyelle',NULL,94,_binary 'http://dummyimage.com/146x240.jpg/5fa2dd/ffffff'),(45,'Gwendolin','Bernardotte','Kimberlyn Bernardotte','2019-06-28','Kimberlyn',NULL,43,_binary 'http://dummyimage.com/154x185.jpg/cc0000/ffffff'),(46,'Lexy','Bagwell','Leese Bagwell','2019-06-14','Leese',NULL,47,_binary 'http://dummyimage.com/214x106.bmp/cc0000/ffffff'),(47,'Bartholomew','Fowles','Stacy Fowles','2020-04-07','Stacy',NULL,17,_binary 'http://dummyimage.com/217x145.jpg/cc0000/ffffff'),(48,'Aleen','Hindrich','Tiffany Hindrich','2020-05-12','Tiffany',NULL,17,_binary 'http://dummyimage.com/107x203.bmp/dddddd/000000'),(49,'Dehlia','Brockton','Josefa Brockton','2020-03-12','Josefa',NULL,25,_binary 'http://dummyimage.com/125x210.bmp/cc0000/ffffff'),(50,'Hercules','Mottram','Christal Mottram','2020-01-28','Christal',NULL,81,_binary 'http://dummyimage.com/115x140.bmp/5fa2dd/ffffff'),(51,'Geri','Surpliss','Danielle Surpliss','2020-03-15','Danielle',NULL,63,_binary 'http://dummyimage.com/174x230.png/dddddd/000000'),(52,'Kristopher','MacClenan','Irita MacClenan','2020-04-04','Irita',NULL,96,_binary 'http://dummyimage.com/109x150.png/cc0000/ffffff'),(53,'Milty','Aaronson','Kip Aaronson','2020-05-01','Kip',NULL,70,_binary 'http://dummyimage.com/247x134.bmp/ff4444/ffffff'),(54,'Allys','Rikard','Adela Rikard','2019-09-13','Adela',NULL,70,_binary 'http://dummyimage.com/210x231.png/cc0000/ffffff'),(55,'Hugo','Wharin','Louisette Wharin','2020-03-20','Louisette',NULL,79,_binary 'http://dummyimage.com/239x173.jpg/dddddd/000000'),(56,'Karla','Postins','Sonnnie Postins','2019-07-06','Sonnnie',NULL,43,_binary 'http://dummyimage.com/249x244.jpg/ff4444/ffffff'),(57,'Benedetto','Arndtsen','Arabela Arndtsen','2019-08-06','Arabela',NULL,84,_binary 'http://dummyimage.com/142x202.bmp/5fa2dd/ffffff'),(58,'Hortensia','Marcos','Lauraine Marcos','2020-04-27','Lauraine',NULL,63,_binary 'http://dummyimage.com/165x106.jpg/5fa2dd/ffffff'),(59,'Ruprecht','Roseblade','Arabelle Roseblade','2019-10-24','Arabelle',NULL,100,_binary 'http://dummyimage.com/197x161.jpg/cc0000/ffffff'),(60,'Kristopher','Pervoe','Tiffany Pervoe','2019-09-09','Tiffany',NULL,47,_binary 'http://dummyimage.com/138x190.bmp/ff4444/ffffff'),(61,'Anitra','Wintour','Clerissa Wintour','2019-10-28','Clerissa',NULL,58,_binary 'http://dummyimage.com/189x215.png/dddddd/000000'),(62,'Norbert','Dalley','Brenn Dalley','2019-05-29','Brenn',NULL,67,_binary 'http://dummyimage.com/201x231.jpg/cc0000/ffffff'),(63,'Eamon','Raincin','Carmel Raincin','2019-08-30','Carmel',NULL,97,_binary 'http://dummyimage.com/126x219.bmp/cc0000/ffffff'),(64,'Warren','Barthot','Rosamund Barthot','2019-07-29','Rosamund',NULL,3,_binary 'http://dummyimage.com/208x162.bmp/5fa2dd/ffffff'),(65,'Britt','Bent','Britt Bent','2020-04-10','Britt',NULL,15,_binary 'http://dummyimage.com/207x213.jpg/dddddd/000000'),(66,'Ravi','Trinkwon','Coreen Trinkwon','2020-04-20','Coreen',NULL,77,_binary 'http://dummyimage.com/200x173.bmp/ff4444/ffffff'),(67,'Bogart','Weadick','Saloma Weadick','2019-11-29','Saloma',NULL,66,_binary 'http://dummyimage.com/212x212.png/ff4444/ffffff'),(68,'Erastus','Lambe','Dulcie Lambe','2020-03-08','Dulcie',NULL,6,_binary 'http://dummyimage.com/105x249.bmp/ff4444/ffffff'),(69,'Rosabel','Kienzle','Tracy Kienzle','2019-07-02','Tracy',NULL,17,_binary 'http://dummyimage.com/166x116.bmp/dddddd/000000'),(70,'Lexis','Lukasik','Alayne Lukasik','2020-01-08','Alayne',NULL,79,_binary 'http://dummyimage.com/236x167.jpg/ff4444/ffffff'),(71,'Jonathon','Bloxsom','Jami Bloxsom','2019-11-18','Jami',NULL,79,_binary 'http://dummyimage.com/131x170.bmp/ff4444/ffffff'),(72,'Mycah','Lewin','Winnifred Lewin','2020-01-18','Winnifred',NULL,5,_binary 'http://dummyimage.com/105x169.bmp/dddddd/000000'),(73,'Tracie','Viste','Madlin Viste','2019-08-17','Madlin',NULL,1,_binary 'http://dummyimage.com/250x144.png/ff4444/ffffff'),(74,'Amalea','Houdmont','Belita Houdmont','2019-12-25','Belita',NULL,88,_binary 'http://dummyimage.com/171x177.jpg/dddddd/000000'),(75,'Dorise','Bissiker','Mariya Bissiker','2019-12-08','Mariya',NULL,38,_binary 'http://dummyimage.com/118x182.jpg/5fa2dd/ffffff'),(76,'Moe','Paradis','Shanie Paradis','2019-08-30','Shanie',NULL,99,_binary 'http://dummyimage.com/109x120.bmp/cc0000/ffffff'),(77,'Melisandra','Ducastel','Isidora Ducastel','2019-08-30','Isidora',NULL,58,_binary 'http://dummyimage.com/103x179.jpg/5fa2dd/ffffff'),(78,'Korney','Vequaud','Renata Vequaud','2019-06-12','Renata',NULL,37,_binary 'http://dummyimage.com/154x129.png/dddddd/000000'),(79,'Ingelbert','Dorset','Gaye Dorset','2019-09-18','Gaye',NULL,66,_binary 'http://dummyimage.com/157x230.png/dddddd/000000'),(80,'Andeee','Hurley','Genny Hurley','2020-05-16','Genny',NULL,73,_binary 'http://dummyimage.com/120x175.jpg/ff4444/ffffff'),(81,'Merwin','Sissot','Vivyan Sissot','2019-11-09','Vivyan',NULL,93,_binary 'http://dummyimage.com/215x120.png/ff4444/ffffff'),(82,'Clyve','Vernham','Goldi Vernham','2019-10-13','Goldi',NULL,18,_binary 'http://dummyimage.com/216x218.jpg/5fa2dd/ffffff'),(83,'Athene','Leblanc','Philomena Leblanc','2019-12-08','Philomena',NULL,60,_binary 'http://dummyimage.com/147x138.png/dddddd/000000'),(84,'Law','Aseef','Rhodie Aseef','2019-10-05','Rhodie',NULL,54,_binary 'http://dummyimage.com/190x153.png/dddddd/000000'),(85,'Cinda','Jaram','Joeann Jaram','2020-03-10','Joeann',NULL,55,_binary 'http://dummyimage.com/152x245.bmp/5fa2dd/ffffff'),(86,'Ugo','Jentgens','Max Jentgens','2019-09-25','Max',NULL,74,_binary 'http://dummyimage.com/228x116.png/dddddd/000000'),(87,'Gilburt','O\'Cassidy','Cari O\'Cassidy','2019-08-18','Cari',NULL,9,_binary 'http://dummyimage.com/213x178.bmp/ff4444/ffffff'),(88,'Drucill','Brailsford','Benni Brailsford','2020-03-28','Benni',NULL,23,_binary 'http://dummyimage.com/134x224.png/ff4444/ffffff'),(89,'Faye','Sworder','Torey Sworder','2019-09-22','Torey',NULL,61,_binary 'http://dummyimage.com/193x218.jpg/ff4444/ffffff'),(90,'Drona','Pammenter','Valencia Pammenter','2019-05-30','Valencia',NULL,71,_binary 'http://dummyimage.com/203x204.bmp/cc0000/ffffff'),(91,'Lynnett','Ofener','Ardis Ofener','2020-01-06','Ardis',NULL,47,_binary 'http://dummyimage.com/230x217.png/cc0000/ffffff'),(92,'Noelani','Jurs','Felita Jurs','2019-05-31','Felita',NULL,85,_binary 'http://dummyimage.com/209x112.png/dddddd/000000'),(93,'Myrah','Malim','Sophronia Malim','2020-03-28','Sophronia',NULL,51,_binary 'http://dummyimage.com/111x188.png/ff4444/ffffff'),(94,'Thor','Andrivot','Raf Andrivot','2019-06-19','Raf',NULL,30,_binary 'http://dummyimage.com/235x193.png/5fa2dd/ffffff'),(95,'Vonnie','Takle','Lucky Takle','2019-11-23','Lucky',NULL,26,_binary 'http://dummyimage.com/183x104.bmp/5fa2dd/ffffff'),(96,'Otha','Burcher','Lynnell Burcher','2020-02-17','Lynnell',NULL,100,_binary 'http://dummyimage.com/143x175.png/cc0000/ffffff'),(97,'Aundrea','Banbrigge','Gisela Banbrigge','2020-04-28','Gisela',NULL,71,_binary 'http://dummyimage.com/164x221.bmp/cc0000/ffffff'),(98,'Drusilla','ducarme','Coletta ducarme','2020-03-08','Coletta',NULL,2,_binary 'http://dummyimage.com/235x125.bmp/5fa2dd/ffffff'),(99,'Barby','Yakovlev','Georgianna Yakovlev','2020-03-06','Georgianna',NULL,39,_binary 'http://dummyimage.com/196x127.png/ff4444/ffffff'),(100,'Bettine','Pennigar','Inez Pennigar','2019-06-08','Inez',NULL,38,_binary 'http://dummyimage.com/246x171.png/cc0000/ffffff');
/*!40000 ALTER TABLE `Artistas` ENABLE KEYS */;
UNLOCK TABLES;

--
-- Table structure for table `Auditoria`
--

DROP TABLE IF EXISTS `Auditoria`;
/*!40101 SET @saved_cs_client     = @@character_set_client */;
 SET character_set_client = utf8mb4 ;
CREATE TABLE `Auditoria` (
  `Id_Auditoria` int(11) NOT NULL AUTO_INCREMENT,
  `Procedimiento` varchar(50) DEFAULT NULL,
  `Entrada` time DEFAULT NULL,
  `Salida` time DEFAULT NULL,
  PRIMARY KEY (`Id_Auditoria`)
) ENGINE=InnoDB AUTO_INCREMENT=101 DEFAULT CHARSET=latin1;
/*!40101 SET character_set_client = @saved_cs_client */;

--
-- Dumping data for table `Auditoria`
--

LOCK TABLES `Auditoria` WRITE;
/*!40000 ALTER TABLE `Auditoria` DISABLE KEYS */;
INSERT INTO `Auditoria` VALUES (1,'Burn acc not in bldg','13:49:21','17:01:41'),(2,'NB hemorrhagic disease','06:11:38','12:00:38'),(3,'Fx distal phal, hand-opn','07:31:03','23:58:48'),(4,'Isolat trach tb-oth test','09:40:34','08:22:26'),(5,'Prophylac fluoride admin','22:06:17','15:57:20'),(6,'Blood transfusion, no dx','04:02:27','01:27:16'),(7,'Oth mult sb-before adm','21:09:44','06:50:06'),(8,'Deep 3rd deg burn neck','20:15:55','14:26:01'),(9,'Resp cond: ext agent NOS','15:35:49','00:42:03'),(10,'Inlet contraction-unspec','15:59:06','21:02:51'),(11,'Ex ear anm NEC-impr hear','05:10:18','17:26:15'),(12,'Benign neo parathyroid','23:55:55','01:41:00'),(13,'Situs inversus','20:14:11','00:18:46'),(14,'Acq deformity NEC','03:54:47','01:03:50'),(15,'Periph progess pterygium','09:19:43','07:50:58'),(16,'TB lung infiltr-histo dx','09:55:33','04:59:06'),(17,'Mal neo hypopharynx NOS','09:41:19','18:09:59'),(18,'2nd deg burn thigh','01:01:41','07:41:58'),(19,'True post infarct,unspec','00:08:37','00:45:46'),(20,'Pressure ulcer,stage NOS','15:44:05','00:43:57'),(21,'Anal fistula','13:19:39','19:01:44'),(22,'Oth symptm urinary systm','05:57:21','09:36:34'),(23,'Bilat clft palat/lip-inc','18:24:54','19:57:13'),(24,'Nasal mucositis (ulcer)','09:47:36','22:53:17'),(25,'TB male gen NEC-micro dx','21:49:13','01:05:11'),(26,'Malposition NOS-deliver','20:26:31','09:15:53'),(27,'Accid on street/highway','12:46:42','02:00:43'),(28,'Behcet\'s syndrome','00:38:01','03:47:25'),(29,'Poisoning-enzymes NEC','04:24:04','04:01:15'),(30,'Partial edentulism NOS','04:30:09','12:45:47'),(31,'Illeg ab w metab dis-inc','21:20:05','21:22:00'),(32,'Adv eff cardiovasc NEC','16:28:06','02:42:38'),(33,'Flu w manifestation NEC','17:38:23','10:50:11'),(34,'Compl del NEC-del w p/p','18:16:58','05:20:48'),(35,'Abnorm secretion gastrin','11:03:04','21:36:54'),(36,'Acq absence of lung','01:11:16','16:55:15'),(37,'Mech comp esophagostomy','11:23:58','22:07:52'),(38,'Thracabd anurysm wo rupt','22:46:29','02:19:55'),(39,'Pervasv dev dis-res NOS','01:39:04','20:54:40'),(40,'Scleritis NEC','22:52:08','10:17:10'),(41,'Hodgkins dis NOS inguin','08:29:36','20:58:57'),(42,'Zoophilia','15:20:30','23:24:07'),(43,'Anom corneal size/shape','20:46:22','20:03:17'),(44,'Oth coll mov obj-rider','22:35:54','05:12:03'),(45,'Inj posterior tib nerve','05:34:33','19:42:38'),(46,'Pathol dislocat-hand','01:44:18','04:18:30'),(47,'Opn wound elbow w tendon','04:40:54','21:54:42'),(48,'80-89% bdy brn/10-19% 3d','04:30:19','22:45:06'),(49,'Maternal cond NOS aff NB','15:02:04','16:24:39'),(50,'Cardiovascular syph NEC','18:02:23','02:38:45'),(51,'Traum arthropathy-l/leg','00:28:55','16:29:49'),(52,'Hodgkins mix cell axilla','16:00:42','02:21:31'),(53,'Paralytic lagophthalmos','19:53:19','07:28:49'),(54,'Parasitic endophthal NOS','06:10:25','04:47:49'),(55,'Cervical spondylosis','16:29:58','03:15:39'),(56,'Rec unil fem hern w gang','13:48:09','02:52:15'),(57,'Circulatory anomaly NEC','06:20:01','21:27:18'),(58,'Female orgasmic disorder','04:07:14','21:42:47'),(59,'Overhang dental restore','19:33:24','10:59:41'),(60,'Dicalc phos cryst-pelvis','18:26:30','18:22:45'),(61,'T7-t12 fx-op/crd inj NOS','03:54:51','05:37:52'),(62,'Sprain super tibiofibula','22:41:44','20:04:02'),(63,'Autonomic nerve dis NEC','13:42:28','15:19:07'),(64,'Hx-cong malform-nervous','12:44:05','23:55:31'),(65,'Transient arterial occlu','14:26:24','04:28:40'),(66,'Genetic suscept dis NEC','04:35:26','10:31:36'),(67,'Adv eff antimycobac NEC','23:01:22','03:25:47'),(68,'Other pancytopenia','19:54:44','01:30:37'),(69,'Hypersensit angiitis NEC','05:09:36','16:26:38'),(70,'Corneal staphyloma','11:51:18','12:32:31'),(71,'Assault-cutting instr','15:34:36','20:56:52'),(72,'Cocaine abuse-unspec','22:08:25','15:42:01'),(73,'Fx lower limb NEC-closed','19:31:30','09:59:57'),(74,'Other staphylococcus','09:51:01','16:49:23'),(75,'Male gen vascul dis NEC','07:16:54','16:52:08'),(76,'C5-c7 fx-op/cord inj NOS','00:05:52','14:05:51'),(77,'Subacute delirium','21:48:00','12:40:00'),(78,'Syphilis NOS','14:26:02','17:19:25'),(79,'Sec hyprprthyrd nonrenal','16:13:47','17:59:49'),(80,'Esophagitis, unspecified','07:24:29','06:37:52'),(81,'Fail sterile injection','12:57:53','15:33:11'),(82,'Pois-ant pituitary horm','22:37:34','23:33:22'),(83,'Margin zone lym inguin','03:29:17','05:44:03'),(84,'Retina venous engorgemnt','22:16:14','10:48:50'),(85,'Ancylostoma duodenale','21:39:39','01:56:34'),(86,'Post-trauma headache NOS','09:34:12','17:41:25'),(87,'Chronic myringitis','19:03:17','06:19:55'),(88,'Floor mopping/cleaning','07:04:23','05:01:32'),(89,'Family dsrpt-foster care','05:47:18','17:51:37'),(90,'Polio osteopathy-up/arm','07:58:07','08:21:07'),(91,'Postherpes polyneuropath','22:36:49','09:57:58'),(92,'Bact arthritis NEC','20:40:28','08:53:48'),(93,'Neoplasm other sites NOS','04:57:19','10:28:16'),(94,'Hypertens encephalopathy','09:15:12','17:38:14'),(95,'Social conduct dis-sev','15:43:48','14:48:29'),(96,'Excess fetal grth-deliv','22:05:24','07:02:39'),(97,'Unpow aircrf acc-chutist','05:05:51','12:24:53'),(98,'Tot intern ophthalmopleg','10:50:45','15:09:38'),(99,'Human immuno virus dis','16:43:35','21:10:05'),(100,'Mal neo breast-axillary','02:01:45','01:17:36');
/*!40000 ALTER TABLE `Auditoria` ENABLE KEYS */;
UNLOCK TABLES;

--
-- Table structure for table `Cancion`
--

DROP TABLE IF EXISTS `Cancion`;
/*!40101 SET @saved_cs_client     = @@character_set_client */;
 SET character_set_client = utf8mb4 ;
CREATE TABLE `Cancion` (
  `Id_Cancion` int(11) NOT NULL AUTO_INCREMENT,
  `Nombre_Cancion` varchar(50) DEFAULT NULL,
  `Numero_Visitas` int(11) NOT NULL,
  `Duracion_Cancion` int(11) NOT NULL,
  `Descripcion_Cancion` varchar(50) DEFAULT NULL,
  `Id_Disco` int(11) NOT NULL,
  PRIMARY KEY (`Id_Cancion`),
  KEY `Id_Disco` (`Id_Disco`),
  CONSTRAINT `Id_Disco` FOREIGN KEY (`Id_Disco`) REFERENCES `Disco` (`Id_Disco`)
) ENGINE=InnoDB AUTO_INCREMENT=101 DEFAULT CHARSET=latin1;
/*!40101 SET character_set_client = @saved_cs_client */;

--
-- Dumping data for table `Cancion`
--

LOCK TABLES `Cancion` WRITE;
/*!40000 ALTER TABLE `Cancion` DISABLE KEYS */;
INSERT INTO `Cancion` VALUES (1,'vriden0',20,75,'Vaginal vault obliterat',1),(2,'tmallalieu1',6,39,'Urethral sphincter emg',2),(3,'wkarpman2',56,39,'Botulism antitoxin admin',3),(4,'ppaige3',86,55,'Injection into tendon',4),(5,'jridgewell4',82,52,'Stretching of fascia',5),(6,'wumney5',62,48,'Impl intraoc telesc pros',6),(7,'ehillin6',53,28,'Tot repair tetral fallot',7),(8,'akliment7',75,24,'Replace nephrostomy tube',8),(9,'estrevens8',45,64,'Other dx pt procedure',9),(10,'lhearle9',97,86,'Other hydrotherapy',10),(11,'rwardena',52,86,'Upper limb lymphangiogrm',11),(12,'ecarstairsb',34,84,'Open cereb meninges bx',12),(13,'latterleyc',98,75,'Fit below knee prosthes',13),(14,'cdunriged',75,87,'Replac m/s immob dev NEC',14),(15,'bgrishankove',89,62,'Exc/des hrt les,endovasc',15),(16,'dswinfenf',16,79,'Adm neuroprotective agnt',16),(17,'ktoulchg',68,76,'Papillary muscle ops',17),(18,'cswinfordh',17,81,'Culture-endocrine',18),(19,'cdonnellani',95,68,'Type 5 tympanoplasty',19),(20,'sdowdenj',25,58,'Other arthrotomy NOS',20),(21,'baudreyk',82,90,'Abdominal proctopexy',21),(22,'tdeavillel',34,63,'Arth/pros rem wo rep-hip',22),(23,'njeffersm',34,1,'Retinal tear xenon coag',23),(24,'rcranmoren',77,24,'Destruct-hip lesion NEC',24),(25,'ptiddo',27,78,'Close red-int fix finger',25),(26,'dmarkingp',93,92,'Chorioret les radiother',26),(27,'hquinnellyq',26,44,'Conjunctivocystorhinost',27),(28,'mbouetter',38,95,'Amputation thru forearm',28),(29,'thovells',91,91,'Percu gastrojejunostomy',29),(30,'rcliffet',20,66,'Prosthet/orthot training',30),(31,'bfloweru',46,97,'Perirectal tissue biopsy',31),(32,'htuerv',92,23,'Hemispherectomy',32),(33,'blardnarw',55,54,'Irrigation of ear',33),(34,'agoslandx',35,99,'Debrid opn fx-toe',34),(35,'eimeseny',93,77,'Lap abd rep-diaphr hern',35),(36,'channafordz',15,79,'Imp/repl brain pulse gen',36),(37,'adalgliesh10',91,9,'Polio vaccine administra',37),(38,'amcfee11',6,85,'Indwell cath irrig NEC',38),(39,'hkinnach12',41,39,'Injection into testes',39),(40,'aarrow13',20,72,'Operation on orbit NEC',40),(41,'dcochran14',71,19,'Small bowel suture NEC',41),(42,'whaining15',93,4,'Semin ves dx proced NEC',42),(43,'hsandes16',36,51,'Corneal repair NEC',43),(44,'esherrum17',10,28,'Nasal sinus transillumin',44),(45,'pcurson18',53,13,'Osteoclasis-radius/ulna',45),(46,'rwellington19',91,84,'Pressurized treat graft',46),(47,'kapple1a',5,70,'Thumb amputation',47),(48,'gpetrowsky1b',44,14,'Thoracostomy closure',48),(49,'rdantuoni1c',70,69,'C & s NEC',49),(50,'vmosson1d',24,89,'Cryosurg lid epilation',50),(51,'ksherar1e',95,42,'Reattach amputated ear',51),(52,'ahaldin1f',27,63,'Iridectomy NEC',52),(53,'ijelkes1g',38,46,'Linear craniectomy',53),(54,'smellem1h',9,53,'Open bx saliv gland/duct',54),(55,'itemperley1i',9,27,'Reconstruction of penis',55),(56,'bgivens1j',75,48,'Patellar stabilization',56),(57,'alynch1k',45,6,'Procedure-four+ vessels',57),(58,'cwarren1l',29,100,'Amnioinfusion',58),(59,'htestin1m',28,5,'Closed biopsy larynx',59),(60,'anucator1n',9,16,'Comb alcohol/drug detox',60),(61,'rlambol1o',77,23,'Sut gastric ulcer site',61),(62,'rcurtoys1p',69,30,'Electrocoag rect les NEC',62),(63,'sharlock1q',63,97,'Sequestrectomy NOS',63),(64,'twinders1r',36,72,'Unilat breast implant',64),(65,'hhaspineall1s',8,71,'Culture-eye',65),(66,'rmccusker1t',4,47,'Trabecul carneae cord op',66),(67,'rwane1u',53,96,'Excision of urachus',67),(68,'hcardero1v',26,89,'Common duct exploration',68),(69,'bissit1w',10,78,'Closed prostatic biopsy',69),(70,'rrapley1x',21,88,'Bilateral vulvectomy',70),(71,'aadao1y',48,78,'Nasal biopsy',71),(72,'nsedworth1z',26,16,'Tot ostect-tibia/fibula',72),(73,'ktorfin20',15,44,'Skel xray-thigh/knee/leg',73),(74,'sbeesey21',93,7,'Esophagoscopy NEC',74),(75,'mhaquin22',57,100,'Bact smear-bili/pancreas',75),(76,'krogier23',27,91,'Vaccination NEC',76),(77,'gcaughte24',3,41,'Anal/perian dx proc NEC',77),(78,'cmarkson25',38,45,'Mri musculoskeletal',78),(79,'dkays26',36,57,'Cell blk/pap NEC',79),(80,'lcorish27',54,69,'Bact smear NOS',80),(81,'bkarczinski28',65,22,'Local perfusion liver',81),(82,'vspivie29',60,8,'Wide exc bony palate les',82),(83,'rlucy2a',80,8,'Per cardiopulmon bypass',83),(84,'akincla2b',40,44,'Applic ext fix dev NEC',84),(85,'bpaye2c',86,78,'Excision hand joint NEC',85),(86,'pdimitriades2d',71,72,'Psychol mental stat NOS',86),(87,'hhagard2e',81,83,'Cholecystostomy NEC',87),(88,'sofeeny2f',56,69,'Repl joint of foot, toe',88),(89,'awash2g',8,51,'Contr thor arteriogr NEC',89),(90,'lalltimes2h',55,79,'Vag susp/fix w grft/pros',90),(91,'bcrimin2i',39,60,'Radical orbitomaxillect',91),(92,'awhitfield2j',21,79,'Thor abltn lung les/tiss',92),(93,'ggrange2k',6,89,'Pituitary gland incision',93),(94,'mveque2l',33,73,'Contrast bronchogram NEC',94),(95,'cstandbrook2m',5,46,'Shorten 1 extraoc musc',95),(96,'cpfeffle2n',73,5,'Insert othr spin device',96),(97,'rlongshaw2o',75,80,'Anal biopsy',97),(98,'cvatini2p',56,10,'Oth transmyo revascular',98),(99,'gbirt2q',91,43,'Tiss adj to valv ops NEC',99),(100,'dhulke2r',25,17,'Synovectomy-site NEC',100);
/*!40000 ALTER TABLE `Cancion` ENABLE KEYS */;
UNLOCK TABLES;

--
-- Table structure for table `Disco`
--

DROP TABLE IF EXISTS `Disco`;
/*!40101 SET @saved_cs_client     = @@character_set_client */;
 SET character_set_client = utf8mb4 ;
CREATE TABLE `Disco` (
  `Id_Disco` int(11) NOT NULL AUTO_INCREMENT,
  `Nombre_Disco` varchar(50) DEFAULT NULL,
  `N_Canciones` int(11) DEFAULT NULL,
  `Id_Artista` int(11) NOT NULL,
  `Fecha_Lansamiento` date DEFAULT NULL,
  `Descripcion_Disco` varchar(50) DEFAULT NULL,
  PRIMARY KEY (`Id_Disco`),
  KEY `Id_Artista` (`Id_Artista`),
  CONSTRAINT `Id_Artista` FOREIGN KEY (`Id_Artista`) REFERENCES `Artistas` (`Id_Artista`)
) ENGINE=InnoDB AUTO_INCREMENT=101 DEFAULT CHARSET=latin1;
/*!40101 SET character_set_client = @saved_cs_client */;

--
-- Dumping data for table `Disco`
--

LOCK TABLES `Disco` WRITE;
/*!40000 ALTER TABLE `Disco` DISABLE KEYS */;
INSERT INTO `Disco` VALUES (1,'mguichard0',66,54,'2020-02-15','Repl pacem w dual-cham'),(2,'sdegliabbati1',100,56,'2019-07-23','Lap robotic assist proc'),(3,'sporker2',31,8,'2020-05-13','Suture of artery'),(4,'iheintze3',65,38,'2019-11-19','Rem epiretinal prosth'),(5,'nsteer4',86,19,'2019-10-22','Forced limb extension'),(6,'lmckelvie5',86,96,'2020-05-01','Cl reduc disloc-shoulder'),(7,'rbecom6',53,20,'2020-02-15','Spine tract w skull dev'),(8,'jeldritt7',27,29,'2019-07-24','Endo ins/re brnc val,mul'),(9,'agraser8',81,63,'2019-12-24','Periton pneumogram NEC'),(10,'jscholtis9',26,42,'2019-08-08','Dilation of rectum'),(11,'dheavensa',35,48,'2020-01-22','Rem crtd sinus stm lead'),(12,'msudddardb',76,73,'2019-05-28','Classical c-section'),(13,'cgennrichc',51,79,'2019-07-16','Cesarean section NEC'),(14,'fsaleryd',27,8,'2019-09-23','Scrotum & tunica i & d'),(15,'kdehavene',34,5,'2020-01-24','Skin defect tattooing'),(16,'arewcastlef',75,42,'2020-04-21','Rectal resection NEC'),(17,'cjaggg',89,82,'2020-01-27','C.A.T. scan of kidney'),(18,'sblonfieldh',69,97,'2020-05-17','Clos pharynx fistula NEC'),(19,'hravenscrafti',27,90,'2019-12-04','Yellow fever vaccination'),(20,'mgrievej',100,7,'2020-05-12','Exploratory laparotomy'),(21,'rradmerk',87,60,'2019-10-31','Tibia & fibula biopsy'),(22,'inorquoyl',29,41,'2019-09-24','Mouth repair NEC'),(23,'abarnhamm',85,74,'2019-09-08','Parasitology NEC'),(24,'btackettn',32,15,'2020-02-02','Int insert 1-cham, non'),(25,'rlogano',51,43,'2019-11-14','Arthroplas metacarp wit'),(26,'mmapesp',53,95,'2019-11-01','Laparoscopy'),(27,'amccarverq',50,75,'2020-05-10','Closed aortic valvotomy'),(28,'cechalierr',59,27,'2019-07-05','Other heart/pericard ops'),(29,'bcecils',48,4,'2020-02-03','Anterior remov vitreous'),(30,'tkoubekt',17,86,'2019-07-25','Loc exc bone lesion NOS'),(31,'aarelesu',47,37,'2020-01-31','Uvula and soft palate bx'),(32,'hceneyv',8,30,'2020-01-13','Thorac interposition NEC'),(33,'azaniniw',14,67,'2019-11-23','Pineal gland incision'),(34,'itapsfieldx',76,10,'2019-10-04','Exc wound debridement'),(35,'tbirwhistley',19,15,'2019-08-17','Replac m/s immob dev NEC'),(36,'bagerz',100,6,'2019-08-27','Closed renal biopsy'),(37,'fkinker10',52,84,'2020-02-28','Magnet removal cornea FB'),(38,'cridsdole11',57,11,'2019-06-07','Vessel resect/replac NOS'),(39,'mosmond12',3,89,'2019-07-17','Intracran vessel excis'),(40,'frillstone13',3,51,'2019-10-15','Lap unilat oophorectomy'),(41,'agarfirth14',95,54,'2020-03-19','Transab cerclage cervix'),(42,'ucudbird15',87,86,'2019-10-10','Part adrenalectomy NEC'),(43,'ahannam16',6,43,'2019-08-01','Open renal biopsy'),(44,'gbilt17',53,78,'2020-01-04','Total ostectomy-humerus'),(45,'rberthelet18',72,11,'2019-06-05','Replace ureteral stimul'),(46,'jlines19',48,86,'2019-10-07','Micro exam-femal gen NEC'),(47,'nbooij1a',20,13,'2019-09-27','Patellar stabilization'),(48,'emenear1b',37,37,'2020-03-09','Create cutanperiton fist'),(49,'kackwood1c',95,67,'2019-10-14','Urethral meatotomy'),(50,'zemerine1d',42,85,'2019-07-23','Gas hysterosalpingogram'),(51,'ekrout1e',31,40,'2019-09-20','Head/neck ves incis NEC'),(52,'kpayle1f',52,79,'2020-01-22','Vaginal operation NEC'),(53,'fosuaird1g',31,82,'2020-02-21','Conduit left ventr-aorta'),(54,'gcrassweller1h',67,30,'2019-11-14','Ex cereb meningeal les'),(55,'kseamark1i',12,78,'2020-03-07','Ther ult peripheral ves'),(56,'rclowney1j',20,77,'2019-09-05','Lung vol reduction surg'),(57,'lcommusso1k',75,48,'2020-02-26','Vaginal douche'),(58,'dgrishin1l',13,56,'2020-02-15','Tot repair tetral fallot'),(59,'rluparto1m',52,92,'2019-08-08','Polio vaccine administra'),(60,'dtowll1n',62,44,'2019-09-11','Destruc-hand jt les NEC'),(61,'kheddan1o',12,18,'2020-02-07','Repair colovagin fistula'),(62,'wgwyer1p',72,90,'2019-07-09','Thorac lobectomy lung'),(63,'menterle1q',97,44,'2020-05-19','Scrotal les destruction'),(64,'hdarco1r',54,68,'2019-09-27','Drsl/drslumb fus ant/ant'),(65,'ghymers1s',29,51,'2019-09-30','Musc or tend stretching'),(66,'mjeste1t',60,24,'2020-01-30','Ophth counsel & instruct'),(67,'gtottman1u',63,12,'2020-03-01','Cell blk/pap-lower urin'),(68,'kivamy1v',21,50,'2019-07-18','Total ankle replacement'),(69,'rlittlejohn1w',17,47,'2020-05-08','Destruct-hip lesion NEC'),(70,'dvillaret1x',10,86,'2019-12-29','Skin & subq incision NEC'),(71,'cmcgeown1y',96,75,'2019-08-24','Oth exc/dest intvrt disc'),(72,'droocroft1z',97,82,'2019-07-14','Venous cutdown'),(73,'cnewis20',6,85,'2019-07-03','Open biopsy soft tissue'),(74,'bjickells21',39,19,'2019-12-06','Remov other genit device'),(75,'mdunham22',25,98,'2020-02-12','Stereo radiosurgery NOS'),(76,'pshillam23',65,36,'2020-03-12','CAS w fluoroscopy'),(77,'fglidder24',19,13,'2019-09-27','Other suture of tendon'),(78,'cvella25',94,47,'2019-07-25','Tot face bone ostect NEC'),(79,'vheisman26',87,8,'2019-12-19','Gastroscopy NEC'),(80,'ahowen27',29,64,'2019-08-04','Manual rupt joint adhes'),(81,'slinne28',45,72,'2020-05-01','Pancreatic heterotranspl'),(82,'blaudham29',16,57,'2020-02-22','Radical mastoidectomy'),(83,'mestcot2a',61,15,'2019-06-18','Oth remove remain ovary'),(84,'yscurlock2b',83,97,'2020-04-12','Intra-amnion inj for ab'),(85,'dolden2c',79,18,'2019-07-05','Ureterostomy closure'),(86,'crichardon2d',84,80,'2020-04-10','Large bowel fixation NEC'),(87,'rsouthward2e',3,73,'2019-08-25','Carotid sinus stiumlat'),(88,'npottinger2f',49,86,'2020-05-14','Lacrim sac/passage excis'),(89,'afarr2g',28,70,'2019-12-18','Chalazion excision'),(90,'bvassano2h',62,42,'2019-10-09','Hemorrhoid procedure NEC'),(91,'apalfrie2i',49,81,'2019-06-14','Remov retroperiton drain'),(92,'icolliar2j',52,5,'2020-04-15','Inj/inf platelet inhibit'),(93,'orichold2k',48,31,'2020-02-08','Laryngeal fistula clos'),(94,'ttetlow2l',76,40,'2020-02-20','Dilat frontonasal duct'),(95,'egreenig2m',36,35,'2020-04-07','Cervical dx procedur NEC'),(96,'bmowles2n',79,38,'2020-05-07','Complete thyroidectomy'),(97,'fshirrell2o',51,8,'2020-04-22','Open robotic assist proc'),(98,'bdeluze2p',45,19,'2020-01-29','Posterior rect resection'),(99,'rcoyte2q',45,35,'2020-05-05','Digestive tract xray NEC'),(100,'ejiricka2r',13,40,'2019-07-17','Bone graft to skull');
/*!40000 ALTER TABLE `Disco` ENABLE KEYS */;
UNLOCK TABLES;

--
-- Table structure for table `Favorito`
--

DROP TABLE IF EXISTS `Favorito`;
/*!40101 SET @saved_cs_client     = @@character_set_client */;
 SET character_set_client = utf8mb4 ;
CREATE TABLE `Favorito` (
  `Id_Favorito` int(11) NOT NULL AUTO_INCREMENT,
  `Id_Usuario` int(11) NOT NULL,
  `Id_Cancion` int(11) NOT NULL,
  PRIMARY KEY (`Id_Favorito`),
  KEY `Id_Usuario` (`Id_Usuario`),
  KEY `Id_Cancion` (`Id_Cancion`),
  CONSTRAINT `Id_Cancion` FOREIGN KEY (`Id_Cancion`) REFERENCES `Cancion` (`Id_Cancion`),
  CONSTRAINT `Id_Usuario` FOREIGN KEY (`Id_Usuario`) REFERENCES `Usuario` (`Id_Usuario`)
) ENGINE=InnoDB AUTO_INCREMENT=101 DEFAULT CHARSET=latin1;
/*!40101 SET character_set_client = @saved_cs_client */;

--
-- Dumping data for table `Favorito`
--

LOCK TABLES `Favorito` WRITE;
/*!40000 ALTER TABLE `Favorito` DISABLE KEYS */;
INSERT INTO `Favorito` VALUES (1,1,1),(2,2,2),(3,3,3),(4,4,4),(5,5,5),(6,6,6),(7,7,7),(8,8,8),(9,9,9),(10,10,10),(11,11,11),(12,12,12),(13,13,13),(14,14,14),(15,15,15),(16,16,16),(17,17,17),(18,18,18),(19,19,19),(20,20,20),(21,21,21),(22,22,22),(23,23,23),(24,24,24),(25,25,25),(26,26,26),(27,27,27),(28,28,28),(29,29,29),(30,30,30),(31,31,31),(32,32,32),(33,33,33),(34,34,34),(35,35,35),(36,36,36),(37,37,37),(38,38,38),(39,39,39),(40,40,40),(41,41,41),(42,42,42),(43,43,43),(44,44,44),(45,45,45),(46,46,46),(47,47,47),(48,48,48),(49,49,49),(50,50,50),(51,51,51),(52,52,52),(53,53,53),(54,54,54),(55,55,55),(56,56,56),(57,57,57),(58,58,58),(59,59,59),(60,60,60),(61,61,61),(62,62,62),(63,63,63),(64,64,64),(65,65,65),(66,66,66),(67,67,67),(68,68,68),(69,69,69),(70,70,70),(71,71,71),(72,72,72),(73,73,73),(74,74,74),(75,75,75),(76,76,76),(77,77,77),(78,78,78),(79,79,79),(80,80,80),(81,81,81),(82,82,82),(83,83,83),(84,84,84),(85,85,85),(86,86,86),(87,87,87),(88,88,88),(89,89,89),(90,90,90),(91,91,91),(92,92,92),(93,93,93),(94,94,94),(95,95,95),(96,96,96),(97,97,97),(98,98,98),(99,99,99),(100,100,100);
/*!40000 ALTER TABLE `Favorito` ENABLE KEYS */;
UNLOCK TABLES;

--
-- Table structure for table `Lista_Reproduccion`
--

DROP TABLE IF EXISTS `Lista_Reproduccion`;
/*!40101 SET @saved_cs_client     = @@character_set_client */;
 SET character_set_client = utf8mb4 ;
CREATE TABLE `Lista_Reproduccion` (
  `Id_LR` int(11) NOT NULL AUTO_INCREMENT,
  `Nombre_LR` varchar(50) DEFAULT NULL,
  `Id_Usuario` int(11) NOT NULL,
  PRIMARY KEY (`Id_LR`),
  KEY `Id_User` (`Id_Usuario`),
  CONSTRAINT `Id_User` FOREIGN KEY (`Id_Usuario`) REFERENCES `Usuario` (`Id_Usuario`)
) ENGINE=InnoDB AUTO_INCREMENT=101 DEFAULT CHARSET=latin1;
/*!40101 SET character_set_client = @saved_cs_client */;

--
-- Dumping data for table `Lista_Reproduccion`
--

LOCK TABLES `Lista_Reproduccion` WRITE;
/*!40000 ALTER TABLE `Lista_Reproduccion` DISABLE KEYS */;
INSERT INTO `Lista_Reproduccion` VALUES (1,'ileare0',1),(2,'djohann1',2),(3,'otheodore2',3),(4,'szambon3',4),(5,'hswayland4',5),(6,'bferrie5',6),(7,'rmcavinchey6',7),(8,'kbaugh7',8),(9,'hattril8',9),(10,'mdionisio9',10),(11,'nparamorea',11),(12,'abambrughb',12),(13,'pzorenerc',13),(14,'mtadmand',14),(15,'tjoinsone',15),(16,'mdemongeotf',16),(17,'adrainsg',17),(18,'gcawsbyh',18),(19,'nmarklewi',19),(20,'mtreverj',20),(21,'kshoebrookk',21),(22,'kflemmingl',22),(23,'mgilliardm',23),(24,'gridholen',24),(25,'sdykao',25),(26,'eandreevp',26),(27,'apardonq',27),(28,'gbromheadr',28),(29,'crupkes',29),(30,'bduthiet',30),(31,'tpattinsonu',31),(32,'sroumierv',32),(33,'shindesw',33),(34,'gpyecroftx',34),(35,'lbukacy',35),(36,'kantukz',36),(37,'hrodmell10',37),(38,'brudiger11',38),(39,'bolivello12',39),(40,'cbaptist13',40),(41,'mwedmore14',41),(42,'alagden15',42),(43,'qoates16',43),(44,'htiffany17',44),(45,'emansion18',45),(46,'dmerit19',46),(47,'aveljes1a',47),(48,'jdepport1b',48),(49,'jconre1c',49),(50,'gmetzing1d',50),(51,'rkenninghan1e',51),(52,'mdelaharpe1f',52),(53,'agullen1g',53),(54,'efolkard1h',54),(55,'pwickerson1i',55),(56,'tgilfoyle1j',56),(57,'kmessiter1k',57),(58,'brutty1l',58),(59,'scrimpe1m',59),(60,'jsparshett1n',60),(61,'vsabbins1o',61),(62,'kodrought1p',62),(63,'dchalcraft1q',63),(64,'rboater1r',64),(65,'hgaskall1s',65),(66,'farnow1t',66),(67,'etritten1u',67),(68,'akenen1v',68),(69,'fmargetts1w',69),(70,'klindmark1x',70),(71,'cbewly1y',71),(72,'rfeakins1z',72),(73,'ddewes20',73),(74,'hkid21',74),(75,'ebelfrage22',75),(76,'pyukhtin23',76),(77,'khalden24',77),(78,'amadison25',78),(79,'zbright26',79),(80,'ehenworth27',80),(81,'pcastana28',81),(82,'asnipe29',82),(83,'cburgoin2a',83),(84,'sathowe2b',84),(85,'pscotchmore2c',85),(86,'rbefroy2d',86),(87,'lpownall2e',87),(88,'pbandt2f',88),(89,'kferns2g',89),(90,'bkrammer2h',90),(91,'mmatteini2i',91),(92,'tnestor2j',92),(93,'tfrewer2k',93),(94,'ocorbin2l',94),(95,'gbeaver2m',95),(96,'kmacdonald2n',96),(97,'dcusiter2o',97),(98,'hhinchon2p',98),(99,'mkall2q',99),(100,'mbrislan2r',100);
